{
  "f1": 0.5590953258359104,
  "precision": 0.5798120876921826,
  "recall": 0.549671772428884
}