,accuracy,precision,recall,f1,gini_index,entropy,purity,inverse_purity,f_measure
average_performance,0.8160523955613925,0.8368532878571159,0.8160523955613925,0.8107681593580821,,,,,
average_quality,,,,,0.24583474153190923,0.5458534935210855,0.8268407410287918,0.8293413865715212,0.8280409743169328
