,accuracy,precision,recall,f1,gini_index,entropy,purity,inverse_purity,f_measure
average_performance,0.8177135229178227,0.8382822290199499,0.8177135229178227,0.8125335961127277,,,,,
average_quality,,,,,0.2437653947734585,0.5439548298596777,0.8302309592824568,0.8322053058144283,0.831172630772298
