,accuracy,precision,recall,f1,gini_index,entropy,purity,inverse_purity,f_measure
average_performance,0.8142059984240353,0.8324789698908855,0.8142059984240353,0.8116083474860402,,,,,
average_quality,,,,,0.2590181819751526,0.580002159066083,0.8164825065912932,0.8208536638206065,0.8186153779719397
