Stage,Count,sensor_1_mean,sensor_2_mean,sensor_3_mean,sensor_4_mean,sensor_5_mean,sensor_6_mean,sensor_7_mean,sensor_8_mean,sensor_9_mean,sensor_10_mean,sensor_11_mean,sensor_12_mean,sensor_13_mean,sensor_14_mean,sensor_15_mean,sensor_16_mean,sensor_17_mean,sensor_18_mean,sensor_19_mean,sensor_20_mean,sensor_21_mean,cycle_ratio_mean,remaining_cycles_mean
0,4327,0.0,0.35449105691156513,0.3468742779855176,0.3492597672753769,0.0,0.9691747560466792,0.6575133904004088,0.24211233239811192,0.1545438873534537,0.0,0.3033655313992954,0.6839316596635269,0.26120659438636484,0.19332790603785932,0.3620949345752367,0.0,0.3577702459879767,0.0,0.0,0.6132986657815196,0.6407176291742873,0.10663897210007545,184.175
1,3943,0.0,0.37232314955774554,0.3639610816317987,0.3690338701258017,0.0,0.9801449492862037,0.6394588022318506,0.25254455906881756,0.15945680062355858,0.0,0.3235920896370256,0.6642858528706315,0.2747496315417491,0.1970478350982491,0.37791365403562865,0.0,0.3708741171168469,0.0,0.0,0.5943145562881536,0.6206172926530095,0.3065178729763022,142.825
2,4060,0.0,0.40379752895663074,0.3898553212132704,0.40890460934987566,0.0,0.9882536148997189,0.6059407299122408,0.27463977470337314,0.17125553638860025,0.0,0.3675217481742471,0.6240391417012202,0.2958415200554926,0.20559819494674136,0.40976055998437794,0.0,0.40079444928067526,0.0,0.0,0.5591423996071397,0.5848440244113209,0.5013710054136796,102.81
3,4216,0.0,0.47706027776359383,0.45244591683207847,0.48737155666580917,0.0,0.997035005714518,0.53076706499626,0.32105942589757847,0.2015539728771791,0.0,0.4513107451989587,0.5413142856134456,0.3399630809536345,0.22888762013366118,0.4853773089295512,0.0,0.46287541830185924,0.0,0.0,0.49242223866960994,0.5123166994106133,0.7031774494780859,61.43
4,4085,0.0,0.6315980574606105,0.5866468867363895,0.6625101004966338,0.0,1.0,0.3740666794974123,0.4230724592668244,0.2781300390413665,0.0,0.6384221526401384,0.36271855955396326,0.4414047896923972,0.2915538503795644,0.6423989480423223,0.0,0.5951174457060097,0.0,0.0,0.3427945174276036,0.35120134331274167,0.9042204307255145,19.925
