Stage,Count,time_cycles_mean,setting_1_mean,setting_2_mean,setting_3_mean,sensor_1_mean,sensor_2_mean,sensor_3_mean,sensor_4_mean,sensor_5_mean,sensor_6_mean,sensor_7_mean,sensor_8_mean,sensor_9_mean,sensor_10_mean,sensor_11_mean,sensor_12_mean,sensor_13_mean,sensor_14_mean,sensor_15_mean,sensor_16_mean,sensor_17_mean,sensor_18_mean,sensor_19_mean,sensor_20_mean,sensor_21_mean
0,3055,24.355465867161385,0.5011213719118319,0.49355156178249515,0.0,0.0,0.3560332323972863,0.3484571365422399,0.34919180856691623,0.0,0.9714268890352586,0.65573921323286,0.24142330141531387,0.15451632625765077,0.0,0.30311220632286107,0.6823527880839741,0.26312687637063203,0.19358122706538217,0.36140205331501435,0.0,0.3597281021708396,0.0,0.0,0.6105606253119467,0.6377822872439557
1,2239,68.91537402850064,0.4950984632932922,0.49353572092991954,0.0,0.0,0.3754874783469221,0.36430122562397527,0.3757048270314434,0.0,0.9837133874556216,0.6364376860815392,0.2571697009978633,0.16112805655838996,0.0,0.33094183194945237,0.6597357961973067,0.278350781890937,0.19795799797650793,0.3815575960590625,0.0,0.3751870522132571,0.0,0.0,0.58916518598521,0.6143985492798446
2,2310,107.03763697887265,0.4982116325789346,0.5011147085630477,0.0,0.0,0.406089740190863,0.392233573642363,0.4135608636879474,0.0,0.98977328230106,0.600797834507016,0.27836729366228014,0.17336935071761142,0.0,0.3716106736028453,0.6207955367752456,0.2968919535534462,0.2071170828527057,0.41438291083124346,0.0,0.4048886567867425,0.0,0.0,0.5558600398054894,0.5814123616947026
3,2536,145.67803853855844,0.4973524013140942,0.49780104774266754,0.0,0.0,0.4756474793792965,0.4524951810870489,0.48874174492600914,0.0,0.997346163043164,0.5291925414671368,0.3202823913052707,0.20118494199055054,0.0,0.4510601635770359,0.5403893174508795,0.3397704536123978,0.22860392533412768,0.48678301672776597,0.0,0.4629191671642961,0.0,0.0,0.4909029440417861,0.5141972510562549
4,2239,185.94489258569575,0.49968501537330184,0.5128734052645253,0.0,0.0,0.6280615026846657,0.5840789590111937,0.6560285205025217,0.0,1.0,0.3800064964092932,0.41990224744038757,0.2751151354782848,0.0,0.6339187934517937,0.36634650291469284,0.437916583037702,0.28865723321247194,0.6381082767947062,0.0,0.590087732590005,0.0,0.0,0.34829423005425547,0.35514584214001105
