Stage,Count,time_cycles_mean,sensor_2_mean,sensor_3_mean,sensor_4_mean,sensor_7_mean,sensor_8_mean,sensor_9_mean,sensor_11_mean,sensor_12_mean,sensor_13_mean,sensor_14_mean,sensor_15_mean,sensor_17_mean,sensor_20_mean,sensor_21_mean
0,3043,24.304189886157214,2.127848965048049e-06,1.7016982861390448e-06,1.916536478015253e-06,3.288917677684123e-06,5.558244558841248e-07,2.567866609637937e-07,1.7639106539500427e-06,4.15796211133915e-06,5.884823163885243e-07,2.944574959404543e-07,1.9399752606673418e-06,1.5561219203324392e-06,3.171881688968743e-06,3.7139017249943506e-06
1,2351,69.70217640671903,2.2396429036859446e-06,1.7771339288514192e-06,2.0680233141385822e-06,3.1832582923285615e-06,5.990499100477088e-07,2.820153659350947e-07,1.94938961395073e-06,3.996073449884899e-06,6.291281947955558e-07,3.133928152824949e-07,2.0363015802399345e-06,1.6248217173507297e-06,3.0478481257266114e-06,3.581447385869514e-06
2,2341,108.93646850690504,2.4409401738298764e-06,1.9164634978246254e-06,2.293320441033627e-06,2.990613938378282e-06,6.719504620235086e-07,3.3272573301427e-07,2.2093155343848176e-06,3.7570252265053322e-06,6.924887732234058e-07,3.557979192961164e-07,2.238523597388851e-06,1.7655814713732812e-06,2.8804931984004254e-06,3.3726401590125367e-06
3,2402,146.62048205629017,2.876576108465273e-06,2.2299351991234202e-06,2.7381054691567874e-06,2.622982768909608e-06,8.091032689239459e-07,4.4149576788570193e-07,2.7231967895626418e-06,3.2397022473737964e-06,8.291482690353245e-07,4.4928934739208047e-07,2.6536980874100817e-06,2.0161759264489427e-06,2.5318591951020062e-06,2.9694174298827196e-06
4,2242,185.88525342709195,3.817437050296996e-06,2.8797024859657613e-06,3.6987833701970445e-06,1.8507872103095066e-06,1.097104522885888e-06,7.472419967551813e-07,3.89236925449835e-06,2.1298093336058837e-06,1.1097157991742018e-06,7.091601059192449e-07,3.48719313890858e-06,2.563041886325206e-06,1.785025190819393e-06,2.053979803481516e-06
