{
  "f1": 0.47956297668190667,
  "precision": 0.48807003373045565,
  "recall": 0.4984682713347921
}