Stage,Count,sensor_1_mean,sensor_2_mean,sensor_3_mean,sensor_4_mean,sensor_5_mean,sensor_6_mean,sensor_7_mean,sensor_8_mean,sensor_9_mean,sensor_10_mean,sensor_11_mean,sensor_12_mean,sensor_13_mean,sensor_14_mean,sensor_15_mean,sensor_16_mean,sensor_17_mean,sensor_18_mean,sensor_19_mean,sensor_20_mean,sensor_21_mean,cycle_ratio_mean,remaining_cycles_mean
0,996,0.0,0.33508047642039485,0.33190860195853383,0.3302386882931305,0.0,0.9649955846570246,0.6785353362898061,0.23114227330959342,0.14916652839531144,0.0,0.2830722450112578,0.7026675180610975,0.2495659312766386,0.18985476134919624,0.3467692253968369,0.0,0.34468247051834633,0.0,0.0,0.6286131643438475,0.6550486352391005,0.10146442978217793,192.67391304347825
1,986,0.0,0.3582937060020116,0.3504027788418106,0.3531200007940891,0.0,0.9728572878965636,0.6564230542230326,0.2438441542085922,0.15439847612714921,0.0,0.3033345321193269,0.6829446726670961,0.2634733291638419,0.19267464797225842,0.3627304622905698,0.0,0.3552006161973726,0.0,0.0,0.6061653737140033,0.6378319614540504,0.3008636028893327,149.58695652173913
2,904,0.0,0.3879190221526768,0.3731269545720932,0.3902716733251693,0.0,0.992059487867616,0.621237770030137,0.26435615963821624,0.16406790962608533,0.0,0.34907366361273473,0.6405087910934412,0.28205200078463,0.19989236535565072,0.39318246056162304,0.0,0.3865640554228395,0.0,0.0,0.580929077819674,0.6022956120765375,0.49352345294908967,108.5
3,1041,0.0,0.4576923231242964,0.43883167225200537,0.46898650249386775,0.0,0.9968612228165017,0.5477686927405759,0.3120698058239915,0.1898045078503094,0.0,0.4317074537443292,0.5592727451224938,0.3331796951296138,0.21946187452486882,0.46197487112390967,0.0,0.4488614358065932,0.0,0.0,0.507986333501985,0.5288226173661258,0.6923128222483366,66.21739130434783
4,1014,0.0,0.6253884857880544,0.5802407703437005,0.6543315968657465,0.0,1.0,0.3794157636983812,0.42384227042964184,0.2618371535101331,0.0,0.6298110393579436,0.36759633470135017,0.44080022696241233,0.2760660129002335,0.6332188848076252,0.0,0.5878594782932052,0.0,0.0,0.3498419294986775,0.3608219136061943,0.90061380544224,21.543478260869566
