{
  "f1": 0.6492103701602088,
  "precision": 0.6894728327314779,
  "recall": 0.6586206896551724
}