,accuracy,precision,recall,f1,gini_index,entropy,purity,inverse_purity,f_measure
average_performance,0.8184170900848038,0.8391455004498776,0.8184170900848038,0.8145338742110025,,,,,
average_quality,,,,,0.24586390549135503,0.5469491736297913,0.8248693996708175,0.827937286990668,0.8263535938822553
