,accuracy,precision,recall,f1,gini_index,entropy,purity,inverse_purity,f_measure
average_performance,0.8052412262645657,0.8253350436203492,0.8052412262645657,0.8021085549992278,,,,,
average_quality,,,,,0.26967145486866134,0.6004362468416196,0.809146184698499,0.8142264147770575,0.8116282544763678
