,accuracy,precision,recall,f1,gini_index,entropy,purity,inverse_purity,f_measure
average_performance,0.8122785576076839,0.8340362729203783,0.8122785576076839,0.807903035530365,,,,,
average_quality,,,,,0.2521362851118184,0.5568958703834507,0.8193773778311276,0.8224439199718636,0.8208565909553455
