fold,accuracy,precision,recall,f1,gini_index,entropy,purity,inverse_purity,f_measure
0,0.8112931922430164,0.8314644393936157,0.8112931922430164,0.8085762570594683,0.26413040720198294,0.5922129371275843,0.8161614703577915,0.8207269136561766,0.818390883275155
1,0.8034510984064478,0.824262405709786,0.8034510984064478,0.800494412283047,0.268841909108155,0.6006678082375223,0.8084142960499392,0.8130704260044673,0.8107010006060409
2,0.7924142137976444,0.8133320601139835,0.7924142137976444,0.7891148377183856,0.27988066090930436,0.6160844680958072,0.7976111359858911,0.8038506638211609,0.8006548397395615
3,0.8090768457830879,0.8279532348066008,0.8090768457830879,0.8060114961577269,0.2642982080229716,0.5872504841190392,0.8125721043134579,0.8177557260880103,0.8151016417097963
4,0.8100673026197355,0.8297514053115842,0.8100673026197355,0.8064322455893129,0.27123740816685665,0.6060783792768496,0.8110091766239237,0.8157589959387057,0.8133268795528142
