,accuracy,precision,recall,f1,gini_index,entropy,purity,inverse_purity,f_measure
average_performance,0.8247497575236791,0.8453703386890079,0.8247497575236791,0.820027148101559,,,,,
average_quality,,,,,0.2406772531200813,0.5333788194860928,0.8286329938938712,0.8326179383692022,0.830567344231569
