,accuracy,precision,recall,f1,gini_index,entropy,purity,inverse_purity,f_measure
average_performance,0.8213964261424742,0.8418353858831932,0.8213964261424742,0.8165586895691943,,,,,
average_quality,,,,,0.24147636181966914,0.5354707622962053,0.8282714654147108,0.8325732831755485,0.830347292888611
