,accuracy,precision,recall,f1,gini_index,entropy,purity,inverse_purity,f_measure
average_performance,0.8030199395462116,0.8230338704470453,0.8030199395462116,0.8001242850907562,,,,,
average_quality,,,,,0.27270753361736805,0.6063007945615383,0.80525697268554,0.8103521852875822,0.8077454548006828
