fold,accuracy,precision,recall,f1,gini_index,entropy,purity,inverse_purity,f_measure
0,0.8249816959001652,0.8451906470902382,0.8249816959001652,0.8232237612534774,0.24968149028893535,0.5699864858850191,0.8255929428439306,0.8298882231151513,0.8276991405616838
1,0.8016121321448546,0.8198334165116895,0.8016121321448546,0.7985457220826747,0.27580975699286847,0.6100144500610968,0.8034205387919711,0.8080286086005231,0.8056652110809036
2,0.7981344171549123,0.8178242196741923,0.7981344171549123,0.7954515581366801,0.2779786145224245,0.6177016970322556,0.7999977711921793,0.8057058060933425,0.8027839624981269
3,0.782787845966559,0.8026656031765398,0.782787845966559,0.7786095498969765,0.2914759874437916,0.6350539874694071,0.7883386526837007,0.7960975933967125,0.7921235815984575
4,0.8075836065645671,0.8296554657825672,0.8075836065645671,0.8047908340839731,0.2685918188388203,0.598747352359913,0.8089349579159183,0.812040695232182,0.8104553782642426
