Stage,Count,time_cycles_mean,sensor_2_mean,sensor_3_mean,sensor_4_mean,sensor_7_mean,sensor_8_mean,sensor_9_mean,sensor_11_mean,sensor_12_mean,sensor_13_mean,sensor_14_mean,sensor_15_mean,sensor_17_mean,sensor_20_mean,sensor_21_mean
0,3182,25.581933090059678,9.690678692445922e-07,1.3635869329919277e-06,1.473030260043677e-06,4.804624097671996e-07,5.344379334209817e-07,2.1842215745194354e-07,1.6266832342136177e-06,4.897940244253726e-07,5.351440136121423e-07,2.1337505656547595e-07,1.231734025161865e-06,1.6274234296683433e-06,1.1998480741366567e-06,1.0304587073839636e-06
1,2843,76.60893855140985,1.0018297375677531e-06,1.4188898984087127e-06,1.5272923928199128e-06,5.217279062285788e-07,5.551021405562558e-07,2.363400525797038e-07,1.7139760104181853e-06,5.278875528927309e-07,5.582120906780775e-07,2.2671745639265376e-07,1.2364533960780065e-06,1.7213823358321045e-06,1.1908407283518446e-06,1.019129737180254e-06
2,2939,124.14230069875236,1.0635024968111632e-06,1.4840244008623705e-06,1.6584212433920045e-06,6.176584149085348e-07,5.987305129278451e-07,2.7008588005091366e-07,1.8918297982319834e-06,6.273917075717678e-07,6.01085400674807e-07,2.5451950711151373e-07,1.2365657882345065e-06,1.8763892395457886e-06,1.1679600764045075e-06,1.0033357287256728e-06
3,3008,172.16901938239863,1.226489981843159e-06,1.6699791909835228e-06,1.946841245731285e-06,8.304433107694525e-07,6.389386243720607e-07,3.494469527027143e-07,2.305988573358607e-06,8.561537815425091e-07,6.441886369596363e-07,3.1285526682604595e-07,1.2507440137343202e-06,2.188205681538363e-06,1.1154920843859074e-06,9.72431938381605e-07
4,2861,221.90451357067582,1.5684314325392699e-06,2.0984637863010864e-06,2.648290705212182e-06,1.4543693863070322e-06,7.479444511894339e-07,5.587328066340714e-07,3.312903080962656e-06,1.5227022389531131e-06,7.53422760169616e-07,4.7274674593498884e-07,1.2377404840069011e-06,2.965210505530747e-06,1.0533066250340833e-06,9.174034470827204e-07
