Stage,Count,time_cycles_mean,sensor_1_mean,sensor_2_mean,sensor_3_mean,sensor_4_mean,sensor_5_mean,sensor_6_mean,sensor_7_mean,sensor_8_mean,sensor_9_mean,sensor_10_mean,sensor_11_mean,sensor_12_mean,sensor_13_mean,sensor_14_mean,sensor_15_mean,sensor_16_mean,sensor_17_mean,sensor_18_mean,sensor_19_mean,sensor_20_mean,sensor_21_mean
0,4923,25.115,0.0,0.32655660641603007,0.4020724039033349,0.35252052373554205,0.0,0.9391515902826848,0.2084487867416307,0.6476402484391169,0.16663099603200265,0.33306170927181805,0.32616731002055,0.2107469822706494,0.6378363715094835,0.19338880240108858,0.6017767525566008,0.0,0.3361603944851762,0.0,0.0,0.47654684984821727,0.47187193518013
1,5301,76.235,0.0,0.3365742842789194,0.4166155141226333,0.3683255777123198,0.0,0.9359491653788412,0.21254478875009705,0.6551789107589798,0.1726948124499798,0.3334671192016081,0.34254462367615096,0.21443980350990194,0.6448463715706703,0.19856724543814144,0.6037330516950857,0.0,0.3521881746544972,0.0,0.0,0.47322936601170185,0.46784262389970493
2,4835,126.915,0.0,0.35694074948500615,0.4413349335359014,0.3968163837959017,0.0,0.9323429995262167,0.22553110777101654,0.6773231714226096,0.18926817818727165,0.3357540682747376,0.37597433404441544,0.22774266094490112,0.6677507400569648,0.21128551689825367,0.603201263599471,0.0,0.386376564555797,0.0,0.0,0.46785311441987887,0.465181774573058
3,4681,174.495,0.0,0.4123109962195182,0.49817643542818485,0.4695559745791577,0.0,0.9278634093997319,0.25573061989687784,0.7085913443794035,0.2235507782595085,0.3625831556499066,0.4613196955971467,0.2609053229948505,0.6991628742408712,0.23895429127514314,0.6059416393689826,0.0,0.4573172261646278,0.0,0.0,0.46154316818556135,0.45704300999312253
4,4980,222.8,0.0,0.5320632258693704,0.6321045210038694,0.6424020375914236,0.0,0.9282665373046884,0.35262913703120324,0.7891929016386492,0.3161321843977691,0.47132266512514237,0.6663600825190461,0.362989333367759,0.7809220258260001,0.3166535154853257,0.5935412841904144,0.0,0.6242822155831768,0.0,0.0,0.4575427083943163,0.45774523815598606
