Stage,Count,time_cycles_mean,setting_1_mean,setting_2_mean,setting_3_mean,sensor_1_mean,sensor_2_mean,sensor_3_mean,sensor_4_mean,sensor_5_mean,sensor_6_mean,sensor_7_mean,sensor_8_mean,sensor_9_mean,sensor_10_mean,sensor_11_mean,sensor_12_mean,sensor_13_mean,sensor_14_mean,sensor_15_mean,sensor_16_mean,sensor_17_mean,sensor_18_mean,sensor_19_mean,sensor_20_mean,sensor_21_mean
0,3230,25.98470564682666,0.4992302595258231,0.46551857124051127,0.0,0.0,0.3269562412059446,0.4031601912419063,0.35436067844581004,0.0,0.9390125599038862,0.20762486164824215,0.6472885748973694,0.16665222913839486,0.33296509971510213,0.32593323311926947,0.21054509040744715,0.6370281301189346,0.19322214518491393,0.6026183271176766,0.0,0.33457521611181384,0.0,0.0,0.4762475121618469,0.47044631153368494
1,2899,77.80120999888996,0.499031474557295,0.4583747066058166,0.0,0.0,0.3356300228964514,0.415993928792538,0.36627962321512236,0.0,0.9360123500072693,0.21201342693042327,0.6566549440138327,0.17326054387834172,0.33341652774304925,0.3421333058738352,0.2135437241671071,0.6465382681106583,0.19855003256889106,0.6038498401022442,0.0,0.3543193878680679,0.0,0.0,0.4747202564031656,0.468350710167601
2,2947,126.00450639288556,0.49908489725592714,0.45861516785239104,0.0,0.0,0.35453733264593923,0.4414106567067016,0.3958237107210647,0.0,0.9323245597239029,0.2257009944445821,0.6770023627067809,0.1884226354666087,0.3352763562614016,0.3744317259013192,0.22826218943476217,0.6671126278196726,0.21166435473478862,0.6024981822240757,0.0,0.38693550762601625,0.0,0.0,0.4698385141173435,0.4644242626149597
3,2970,173.7947846248569,0.495275978170545,0.4564985735912483,0.0,0.0,0.40838590566072797,0.4947429727097818,0.46531913141301146,0.0,0.9280636160408205,0.25789334166946853,0.7069540595622592,0.22292909352222437,0.36185654936146344,0.4569889120881342,0.26178868566244917,0.6982577352386852,0.2385543216119307,0.6051329799623237,0.0,0.4532275348141707,0.0,0.0,0.4632561271902437,0.4604758895335641
4,2787,222.55447155139336,0.499464486931047,0.47733146874018795,0.0,0.0,0.528236741820971,0.6283997000790904,0.6386281120504642,0.0,0.9281974508776876,0.3556895372651475,0.7890522240888341,0.3149327986934093,0.4711263299601727,0.6606055194939928,0.36614724905114854,0.7796675030932566,0.31544411457676824,0.5912714842348782,0.0,0.6216835944410996,0.0,0.0,0.4624138555622546,0.4603244463244787
