{
  "f1": 0.30099523641900094,
  "precision": 0.3078406731140492,
  "recall": 0.3298914482393434
}