{
  "f1": 0.4151139524599534,
  "precision": 0.41475956932644475,
  "recall": 0.4490540989047461
}