{
  "f1": 0.3038663723276286,
  "precision": 0.3452885309897107,
  "recall": 0.3459663469098915
}