{
  "f1": 0.4289226921412936,
  "precision": 0.4327683290142227,
  "recall": 0.4358322744599746
}