{
  "f1": 0.4284847127665306,
  "precision": 0.43311129610170224,
  "recall": 0.43562305833620985
}