{
  "f1": 0.4648586347399958,
  "precision": 0.474696523929559,
  "recall": 0.48128807658833767
}