{
  "f1": 0.4427689215470074,
  "precision": 0.4462013298064538,
  "recall": 0.46576433121019106
}