,accuracy,precision,recall,f1,gini_index,entropy,purity,inverse_purity,f_measure
average_performance,0.8082512955693668,0.8295572322848025,0.8082512955693668,0.8033040021196576,,,,,
average_quality,,,,,0.25511167750745706,0.5614436106680977,0.8173844690534267,0.8219310624748593,0.819582333951586
