,accuracy,precision,recall,f1,gini_index,entropy,purity,inverse_purity,f_measure
average_performance,0.8103099864400122,0.8289089870924423,0.8103099864400122,0.8074113874045246,,,,,
average_quality,,,,,0.2666541624840182,0.5932191005818847,0.8118126412640847,0.8154861149781107,0.8136150878014322
