fold,accuracy,precision,recall,f1,gini_index,entropy,purity,inverse_purity,f_measure
0,0.801356385908856,0.8212618216415659,0.801356385908856,0.7980457648818313,0.2774509621322252,0.6130470408331842,0.803567178488726,0.8070004122190052,0.8052641306674627
1,0.8003628269268209,0.8206038311498781,0.8003628269268209,0.7973384219658167,0.2791715793371326,0.617089030620672,0.8012068714552234,0.8044572131578793,0.8028029745316364
2,0.8164677187660503,0.8342565226494085,0.8164677187660503,0.8136587015055567,0.2608616724792744,0.583974062273667,0.8187545512593887,0.8218929939267338,0.8202891346942074
3,0.8155643105199751,0.8346375726201318,0.8155643105199751,0.812712433581669,0.2599716083512959,0.5813815538819775,0.8162744908406404,0.8206445431669922,0.8184181381346622
4,0.817798690078358,0.8337851874012269,0.817798690078358,0.8153016150877496,0.2558149901201629,0.5706038152999219,0.8192601142764447,0.8234354124199433,0.8213010609791923
