Stage,Count,time_cycles_mean,sensor_1_mean,sensor_2_mean,sensor_3_mean,sensor_4_mean,sensor_5_mean,sensor_6_mean,sensor_7_mean,sensor_8_mean,sensor_9_mean,sensor_10_mean,sensor_11_mean,sensor_12_mean,sensor_13_mean,sensor_14_mean,sensor_15_mean,sensor_16_mean,sensor_17_mean,sensor_18_mean,sensor_19_mean,sensor_20_mean,sensor_21_mean
0,11082,21.8123095673491,0.38206186572354117,0.40766804054063854,0.4736931561215854,0.4294320422939383,0.3873297628055334,0.3734537595645206,0.3525465176269545,0.669354050128151,0.43760141702019273,0.45150826403786953,0.5420723295292674,0.35189363374366733,0.8527644791056364,0.5117390444609994,0.3491539152213576,0.3082009729573586,0.46814534365660343,0.6697490985057287,0.8582978471808355,0.36936509340724594,0.37307053003679735
1,10579,63.46664787108262,0.3740204594680296,0.39889176391453807,0.4672526001067572,0.4236454205271976,0.38019635937575996,0.36568276673675243,0.3437019972015612,0.6610176475411812,0.430510230361159,0.4419638941134865,0.5368272089012034,0.34304314288182636,0.8453330644550501,0.5078028997296691,0.35861110564241216,0.29828181683157173,0.46162777861710563,0.6613787075617757,0.8507767486090073,0.36082385894664804,0.3646917198762507
2,10727,104.44043219488563,0.38010601168427477,0.4037382164486348,0.47315792379625676,0.43177142844700084,0.38673145525142993,0.3719539962015207,0.3492715465634048,0.6603774863827635,0.4345634882713163,0.44640802877136043,0.5430597915666153,0.34861548306717255,0.8413191662944421,0.5103130178743673,0.36221547854874137,0.31081070549642037,0.4673519073427082,0.6606856843409102,0.8466618714916256,0.3658528472444543,0.36958209838462824
3,10458,145.18084094847669,0.37811703400476854,0.40437898815648576,0.47883180025237565,0.44007653225690496,0.3845721330479079,0.36999365178451155,0.3467726148385387,0.6609564615008339,0.4377994562911344,0.4430509708606851,0.5529741351753619,0.34619781904921304,0.8431462340659918,0.5179794944105597,0.3696445460225263,0.331100418543846,0.47346702676457597,0.6611620591475227,0.848362361508835,0.36229203763015366,0.3661586000130055
4,10913,186.278550295858,0.38038438426052296,0.411319900947999,0.4960919491131888,0.4640937785692628,0.386087208280359,0.37195307452285903,0.3480518270148132,0.6648300723260699,0.45053019865281213,0.44658054418555226,0.578788107758197,0.34758523011056763,0.8473395312947447,0.5409664124533401,0.38137679337894764,0.4198192956316419,0.49095349542077676,0.6647853649764304,0.8522332438240501,0.36105458781550714,0.3649324438206566
